nome;email;cidade;estado;cep;cnpj;valor;agencia;codigo_cedente;nosso_numero;nome_cedente;local_pagamento;data_documento;numero_documento;especie;linha_digitavel;banco;carteira;data_vencimento;instrucoes;demostrativo
Yvonne;Donec@augueSed.co.uk;Inuvik;Suspendisse ac;749298;02.741.628/0004-86;149;3416;0039296-0;023/00001406503-9;Megan;1211 Hymenaeos. Avenue;24/08/2014;7589423;R$;94664.21168 18256.34634 65259.98643 8 81278195364575;237-2;29;01/09/2015;purus gravida sagittis. Duis gravida. Praesent eu nulla at sem molestie sodales. Mauris blandit enim consequat purus. Maecenas libero est, congue a,;urna convallis erat, eget tincidunt dui augue eu tellus. Phasellus elit pede, malesuada vel, venenatis vel, faucibus
Marsden;ipsum.sodales@rhoncus.ca;Frankfort;amet diam;2161;04.412.202/0005-22;596,78;4839;0036701-0;063/00003064168-8;Wanda;425 Adipiscing. Street;19/03/2015;6529746;R$;16173.64274 77331.53487 97129.64293 2 88347598756523;237-2;73;22/10/2015;felis ullamcorper;dapibus gravida. Aliquam tincidunt, nunc ac mattis ornare, lectus ante dictum mi, ac mattis velit justo nec ante. Maecenas
Keely;et.malesuada@semperegestasurna.ca;Boston;pede. Praesent;S2S 9R0;05.915.302/0002-67;639,07;6264;0057356-8;093/00009127916-9;Gemma;6558 At Ave;03/10/2014;5986806;R$;64538.48884 39483.61872 72755.25556 7 34246084284156;237-2;74;16/09/2014;lobortis quis, pede. Suspendisse dui. Fusce diam nunc, ullamcorper eu, euismod ac, fermentum vel, mauris. Integer sem elit, pharetra;vitae semper egestas, urna justo faucibus lectus, a sollicitudin orci sem eget massa. Suspendisse eleifend. Cras sed leo. Cras vehicula aliquet libero.
Nichole;sit.amet.luctus@Curabitur.ca;Santomenna;Aenean sed;4663;05.183.602/0004-25;829,02;6282;0059943-4;044/00008533818-8;Justin;987-1836 Commodo Av.;13/11/2014;7459017;R$;46137.29813 85152.97779 43752.23183 5 12423782267254;237-2;58;11/06/2015;iaculis enim, sit amet ornare lectus justo eu arcu. Morbi sit amet massa. Quisque porttitor eros nec tellus. Nunc lectus pede, ultrices a, auctor;lorem, vehicula et, rutrum eu, ultrices sit amet,
Alden;ornare@perconubia.net;Rhisnes;viverra. Donec;8980;01.213.660/0006-31;823,07;2867;0042921-6;019/00001147555-8;Martena;3281 Diam Street;02/06/2014;9621913;R$;72937.16334 54248.13382 32968.92828 7 73327596907368;237-2;87;19/07/2014;egestas ligula. Nullam feugiat placerat velit. Quisque varius. Nam porttitor scelerisque neque. Nullam nisl. Maecenas malesuada fringilla est. Mauris eu turpis. Nulla aliquet. Proin velit. Sed malesuada augue ut lacus.;Integer
Laith;ligula@malesuadaut.net;Anghiari;Quisque porttitor;6338;05.312.170/0001-07;396,61;9923;0086650-2;059/00003840558-2;Octavius;1108 Dolor Rd.;27/09/2015;692751;R$;17936.39281 71933.83283 53976.13628 4 86789443358198;237-2;46;26/11/2013;vitae purus gravida sagittis. Duis gravida. Praesent eu nulla at sem molestie sodales. Mauris blandit enim consequat purus. Maecenas libero est, congue a, aliquet vel, vulputate eu, odio. Phasellus;Vivamus nisi. Mauris nulla. Integer urna. Vivamus molestie dapibus ligula. Aliquam erat volutpat. Nulla dignissim. Maecenas ornare egestas ligula. Nullam feugiat placerat velit.
Carly;pede.sagittis@vestibulum.org;Neustadt am R?benberge;feugiat. Lorem;20896;08.852.349/0001-78;237,6;8596;0043032-0;084/00003480981-3;Deanna;8759 Euismod Ave;13/11/2013;1569700;R$;77925.48787 85112.82141 14717.11457 7 76637897677714;237-2;53;15/10/2014;sem mollis dui, in sodales elit erat vitae risus. Duis a mi fringilla mi lacinia mattis. Integer;Nam porttitor scelerisque neque. Nullam nisl. Maecenas malesuada fringilla est. Mauris eu turpis. Nulla aliquet. Proin velit. Sed malesuada augue ut lacus. Nulla tincidunt,
Sacha;nulla.vulputate.dui@parturientmontesnascetur.com;Draguignan;aliquam eu,;580260;01.106.202/0008-81;653,04;8618;0069772-2;087/00004221081-5;Remedios;P.O. Box 109, 3549 Aenean Rd.;12/03/2015;9977523;R$;43232.58524 74942.98681 56484.14175 1 39743049764445;237-2;42;26/09/2015;euismod est arcu ac orci. Ut semper pretium neque. Morbi quis urna. Nunc quis arcu vel quam dignissim pharetra. Nam;volutpat nunc sit amet metus. Aliquam erat volutpat. Nulla facilisis. Suspendisse commodo tincidunt nibh. Phasellus
Dustin;dui.in@laciniaSedcongue.net;Taber;enim nisl;40402;02.272.941/0008-30;957,95;4874;0066905-1;077/00005264917-6;Eleanor;7030 At, Rd.;09/01/2015;7957943;R$;69148.21137 11392.45838 59779.53813 3 73913937699419;237-2;96;27/11/2013;eu, placerat eget, venenatis a, magna. Lorem ipsum dolor sit amet, consectetuer adipiscing;ligula elit, pretium
Ebony;Curabitur.vel@seddictumeleifend.ca;Seilles;tincidunt orci;12-864;06.936.212/0002-88;577,68;6279;0011211-7;054/00006364063-2;Macaulay;P.O. Box 297, 4971 Turpis Street;20/07/2015;8801800;R$;33125.87214 71666.32372 62828.67489 3 55998297477969;237-2;82;11/09/2014;erat vel pede blandit congue. In scelerisque scelerisque dui. Suspendisse ac metus vitae velit egestas lacinia. Sed congue, elit sed consequat auctor, nunc nulla vulputate dui, nec;vehicula. Pellentesque
Jolene;placerat.Cras@loremluctusut.co.uk;Dworp;amet metus.;644961;05.738.392/0004-85;132,44;7125;0079765-9;099/00005912937-3;Jack;4349 Imperdiet St.;10/04/2015;5297537;R$;39669.13986 77587.47582 82537.24166 2 19165019327235;237-2;35;07/10/2014;lacus. Quisque purus sapien, gravida non, sollicitudin a, malesuada id, erat. Etiam vestibulum massa rutrum magna. Cras convallis convallis dolor. Quisque tincidunt;pretium aliquet, metus urna
Nayda;consequat@faucibusleoin.com;Corswarem;Praesent eu;22494-201;05.345.653/0004-39;959,15;3242;0044403-6;027/00004657896-9;Demetrius;3585 Mollis Street;09/11/2015;1493406;R$;48654.23418 75278.51971 84873.67114 1 22475754258966;237-2;59;27/05/2014;Aenean eget metus. In nec orci. Donec nibh. Quisque nonummy ipsum non arcu. Vivamus sit amet risus. Donec egestas. Aliquam nec enim. Nunc ut erat. Sed nunc est,;Phasellus in felis. Nulla tempor augue ac ipsum. Phasellus vitae mauris sit amet lorem semper auctor. Mauris vel
Marvin;diam.eu@Donecdignissim.org;Cap-de-la-Madeleine;Proin sed;N5C 6V7;09.699.267/0009-98;826,2;1469;0038532-8;082/00002504820-4;Lionel;749-2509 Tempor Street;04/07/2015;5380315;R$;78974.55147 43552.41166 35288.36941 5 87589999187374;237-2;43;19/04/2015;scelerisque;Cum sociis natoque penatibus et magnis dis parturient montes, nascetur ridiculus mus. Aenean
Conan;hendrerit.id@magna.ca;Pinneberg;enim diam;62505;08.019.893/0003-81;977,64;4181;0067942-5;018/00002510616-5;Chadwick;432-7724 Morbi St.;25/12/2014;2648918;R$;68196.38741 72789.64399 23133.92117 9 31444652292238;237-2;28;11/08/2014;Donec non justo. Proin non massa non ante bibendum ullamcorper.;Phasellus fermentum convallis ligula. Donec luctus aliquet odio. Etiam ligula tortor, dictum eu, placerat eget, venenatis a, magna. Lorem ipsum dolor sit amet, consectetuer adipiscing elit. Etiam laoreet, libero
Kameko;eu.tellus.eu@erosProin.co.uk;Langenhagen;velit. Aliquam;718821;09.146.927/0006-42;319,88;5181;0044712-5;019/00007792915-5;Janna;P.O. Box 690, 2639 Sed Street;15/12/2013;7522122;R$;34133.26193 43175.78911 64539.32571 3 75348814671713;237-2;52;25/07/2014;sem ut dolor dapibus gravida. Aliquam tincidunt, nunc ac mattis ornare, lectus ante dictum mi, ac mattis velit;accumsan convallis, ante lectus convallis est, vitae sodales nisi magna sed dui. Fusce aliquam, enim nec tempus scelerisque, lorem ipsum sodales purus, in
Grace;Phasellus.dapibus.quam@sem.org;Maple Ridge;ante dictum;88865;03.275.039/0001-05;164,04;8525;0036056-0;019/00001217827-1;Priscilla;175-8404 Auctor Rd.;31/10/2014;5212149;R$;61598.17587 72219.47363 13187.38424 4 47266286319371;237-2;43;11/03/2014;pretium neque. Morbi quis urna.;sagittis. Duis gravida. Praesent eu nulla at sem molestie sodales. Mauris blandit enim consequat purus. Maecenas libero est, congue a, aliquet vel, vulputate eu, odio. Phasellus at augue id ante dictum cursus.
Alfreda;aliquet@erosProin.edu;Trinità d'Agultu e Vignola;turpis egestas.;125579;03.977.144/0006-55;363,33;5565;0054530-6;089/00002425678-2;Marny;270-2288 Sagittis Street;16/04/2015;2742444;R$;43744.92789 72514.95838 36691.75799 1 38696030216191;237-2;67;23/10/2014;eu, placerat eget,;fames ac turpis egestas. Fusce aliquet magna a neque. Nullam ut nisi a odio semper cursus. Integer mollis. Integer tincidunt
Armando;et.ipsum.cursus@natoquepenatibuset.co.uk;Lakeland County;arcu ac;6836FZ;05.014.657/0007-99;621,98;1613;0076907-0;077/00005328868-8;Cecilia;P.O. Box 433, 1636 In St.;11/01/2015;8599571;R$;69545.56256 43254.73686 98551.75596 8 77935797584141;237-2;33;26/10/2014;Etiam;pede sagittis augue, eu tempor erat neque non quam. Pellentesque habitant morbi tristique senectus
Steel;arcu@purusMaecenas.ca;LaSalle;hendrerit neque.;5770YV;06.605.377/0007-12;846,08;2155;0068607-2;022/00009348929-8;Otto;5722 Sem Rd.;25/08/2015;7358986;R$;15642.94571 13179.25952 87976.13717 3 63294387862772;237-2;79;15/07/2014;orci quis lectus. Nullam suscipit, est ac facilisis facilisis, magna tellus faucibus;scelerisque mollis. Phasellus libero mauris, aliquam eu, accumsan sed, facilisis vitae, orci. Phasellus dapibus quam quis diam. Pellentesque habitant morbi tristique senectus et netus et malesuada fames ac turpis egestas. Fusce aliquet
Mira;vitae.semper@aliquet.com;Cefalà Diana;Nunc ut;7087;08.578.257/0009-68;976,91;4967;0013701-4;031/00002069794-6;Sean;Ap #457-2442 Nulla Street;17/10/2015;8632974;R$;67479.57682 36282.58427 18189.14645 1 17868257509496;237-2;48;02/08/2014;a purus. Duis elementum,;sed tortor. Integer aliquam adipiscing lacus. Ut nec urna et arcu imperdiet ullamcorper. Duis at lacus. Quisque purus sapien, gravida non, sollicitudin a, malesuada id, erat. Etiam vestibulum
Carson;sodales@Nuncsedorci.com;Sabadell;sagittis. Nullam;2964;01.471.101/0002-93;947,52;3368;0010906-2;087/00005052028-1;Drew;5263 Consectetuer Av.;14/05/2014;736218;R$;16718.99794 86195.23226 63336.17222 4 86641653514991;237-2;27;09/04/2015;nec urna suscipit nonummy. Fusce fermentum fermentum arcu. Vestibulum ante ipsum primis in faucibus orci;nec tellus. Nunc lectus pede, ultrices a, auctor non, feugiat nec, diam. Duis mi enim, condimentum eget, volutpat ornare, facilisis eget, ipsum. Donec sollicitudin adipiscing ligula. Aenean
Raya;neque.pellentesque@molestietortornibh.co.uk;Rabbi;semper egestas,;8081;03.127.711/0005-20;719,18;3462;0099056-7;099/00000888674-9;Hakeem;P.O. Box 901, 6762 Ante Ave;05/10/2014;320126;R$;84997.28815 83299.32646 11194.25637 8 62158909544584;237-2;12;15/10/2014;Nunc ullamcorper, velit in aliquet lobortis, nisi nibh lacinia orci, consectetuer euismod est arcu ac orci. Ut semper pretium neque. Morbi quis urna. Nunc quis;imperdiet dictum magna. Ut tincidunt orci quis lectus. Nullam suscipit, est ac facilisis facilisis, magna tellus faucibus leo, in lobortis tellus justo sit amet nulla. Donec non justo. Proin non massa
Gary;erat@sedliberoProin.com;Vidisha;diam dictum;21018;08.493.957/0007-73;554,5;8363;0042259-2;087/00005821227-1;Jemima;Ap #613-2199 Sociis Rd.;05/04/2015;2819409;R$;98145.33227 75257.17248 85381.48173 8 32951103995581;237-2;14;31/08/2015;tempor lorem, eget mollis lectus pede et risus. Quisque libero lacus, varius et, euismod et, commodo at, libero. Morbi accumsan;orci. Donec nibh. Quisque nonummy ipsum non arcu. Vivamus sit amet risus. Donec egestas. Aliquam nec enim. Nunc ut erat. Sed nunc est, mollis non, cursus non, egestas
Sean;Donec.tempus@lorem.net;Vannes;tellus. Phasellus;21699;04.422.280/0004-08;515,4;1324;0017200-7;081/00001494895-6;Renee;P.O. Box 354, 8887 Pretium St.;29/03/2015;9913520;R$;42158.26834 39861.41822 79326.26861 3 34543397989329;237-2;39;15/04/2014;magna. Sed eu eros. Nam consequat dolor vitae dolor. Donec fringilla.;congue. In scelerisque scelerisque dui. Suspendisse ac metus
August;Fusce@netuset.edu;Kansas City;luctus ut,;8714;09.059.356/0004-78;761,39;3429;0032661-2;018/00005264729-9;Brock;P.O. Box 313, 2791 Amet Avenue;03/04/2015;7947167;R$;47933.35723 96427.13983 11156.77241 5 12648813227443;237-2;45;26/08/2015;lectus sit amet luctus vulputate, nisi sem semper erat, in consectetuer ipsum nunc id;ullamcorper eu, euismod ac, fermentum vel, mauris.
Carissa;fermentum.risus.at@ac.org;Iqaluit;ridiculus mus.;T3Y 7V4;07.380.082/0003-88;226,61;3375;0083231-3;027/00000278911-1;Blake;P.O. Box 578, 7229 Dignissim Avenue;01/10/2014;5901920;R$;45481.49332 14114.57433 85785.24739 3 42228004356446;237-2;19;28/12/2013;turpis vitae purus gravida sagittis. Duis gravida. Praesent eu nulla at sem molestie sodales. Mauris blandit enim consequat purus. Maecenas libero est, congue a, aliquet vel, vulputate eu,;orci. Ut semper pretium neque. Morbi quis urna. Nunc quis arcu vel quam
Ima;Aliquam.gravida@Inornaresagittis.org;Dawson Creek;molestie pharetra;850921;06.082.315/0007-85;418,37;5921;0086474-7;069/00007225286-9;Buckminster;3356 Ad Rd.;29/05/2015;4302684;R$;16351.27136 11979.44568 13413.42962 5 16718238767768;237-2;95;28/06/2014;hendrerit neque. In ornare sagittis felis. Donec tempor, est ac mattis semper, dui lectus rutrum urna, nec luctus felis purus ac;nisi a
Neil;hendrerit@lobortis.net;Cumberland County;dolor sit;6838QZ;04.854.824/0004-81;869,81;2898;0054898-1;058/00001557958-7;Hyatt;P.O. Box 374, 6104 Eu Street;21/11/2014;8108735;R$;99119.43441 25982.14582 92469.93414 1 55123779336888;237-2;15;03/04/2014;ipsum. Phasellus vitae mauris sit amet lorem semper auctor. Mauris vel turpis. Aliquam adipiscing lobortis risus. In mi pede, nonummy ut, molestie in, tempus eu, ligula. Aenean;molestie dapibus ligula. Aliquam erat volutpat.
Cairo;non@turpis.co.uk;Viano;nisl. Quisque;07048-555;08.448.443/0007-82;592,21;9618;0090850-0;014/00001795144-1;Castor;4321 Non, Rd.;17/04/2014;9286665;R$;39478.59738 72355.62354 45114.34283 9 44693329317924;237-2;42;09/12/2013;malesuada fringilla est. Mauris eu turpis. Nulla aliquet. Proin velit. Sed malesuada augue ut lacus. Nulla tincidunt, neque vitae semper egestas, urna justo faucibus lectus, a sollicitudin orci;Ut nec urna et arcu imperdiet ullamcorper. Duis at lacus. Quisque purus sapien, gravida non, sollicitudin a, malesuada id, erat. Etiam vestibulum massa rutrum magna. Cras convallis convallis dolor. Quisque
Alexa;eu@sociis.edu;Crieff;tellus. Phasellus;1949;04.329.239/0007-62;361,63;5256;0070265-9;039/00004712996-8;Paloma;992-5076 Eleifend Avenue;20/11/2013;4151557;R$;62757.57533 97667.29284 83997.11477 7 48544543201441;237-2;49;17/11/2014;ut dolor dapibus gravida. Aliquam tincidunt, nunc ac mattis ornare, lectus ante dictum;mauris. Suspendisse aliquet molestie tellus. Aenean egestas hendrerit neque. In ornare sagittis felis. Donec tempor, est ac mattis semper, dui lectus rutrum urna, nec luctus felis purus ac tellus.
MacKenzie;elit.pede@lectusasollicitudin.org;Greenock;Suspendisse aliquet,;22602-127;03.684.398/0009-00;355,59;9997;0046371-5;057/00000416705-4;Ross;Ap #133-4329 Bibendum Road;26/05/2015;5619943;R$;53838.88262 33846.87213 32482.91614 6 48585260909191;237-2;98;22/03/2014;elementum, dui;eu nulla at sem molestie sodales. Mauris blandit enim consequat purus. Maecenas libero est, congue a, aliquet vel, vulputate eu, odio. Phasellus at augue id ante dictum cursus. Nunc mauris elit,
Malik;molestie.pharetra@dolorelit.net;Mayerthorpe;et, rutrum;14-142;07.825.352/0004-02;547,39;3328;0065396-1;052/00003147293-5;Abdul;Ap #131-8435 Eros St.;14/02/2015;4501971;R$;74368.89717 22761.66633 97589.16373 3 61252041441944;237-2;17;12/09/2015;orci lobortis augue scelerisque mollis. Phasellus libero mauris, aliquam eu, accumsan;Cras dolor dolor, tempus non, lacinia at, iaculis quis, pede. Praesent eu
Kiona;id.mollis@elit.co.uk;Bloomington;rhoncus id,;28507;06.642.950/0001-07;218,47;3858;0029805-4;033/00003366501-5;Ferdinand;9857 Nullam St.;07/01/2015;382947;R$;32363.72915 66558.92251 58976.79515 7 77820294995442;237-2;11;22/01/2015;mollis. Integer tincidunt aliquam arcu. Aliquam ultrices iaculis odio. Nam interdum enim non nisi. Aenean eget metus. In nec orci. Donec nibh. Quisque nonummy ipsum;et risus. Quisque libero lacus, varius et, euismod et, commodo at, libero. Morbi accumsan
Germane;eget.laoreet.posuere@ornare.ca;Westerlo;orci luctus;7326;06.677.181/0006-31;257,85;6863;0083992-1;074/00001906223-8;Lionel;Ap #973-8384 Dolor Av.;28/11/2014;2398187;R$;64588.23784 49323.86772 11428.63257 4 22555745925472;237-2;93;01/12/2014;orci tincidunt adipiscing. Mauris molestie pharetra nibh. Aliquam ornare, libero at auctor ullamcorper, nisl arcu iaculis enim, sit;nec, euismod in, dolor. Fusce feugiat. Lorem
Shaeleigh;parturient.montes@pharetrautpharetra.co.uk;Argyle;Duis risus;803189;03.763.537/0004-43;476,46;4344;0045607-7;074/00007960467-6;Chaim;Ap #257-4403 Lectus St.;08/05/2014;1653447;R$;48762.95492 83182.27331 43437.98953 6 69940685595798;237-2;46;24/02/2015;egestas. Fusce aliquet magna a neque. Nullam ut nisi a odio semper cursus. Integer;Donec dignissim magna a tortor. Nunc commodo auctor velit. Aliquam nisl. Nulla eu neque pellentesque massa lobortis ultrices. Vivamus rhoncus.
Germane;placerat@volutpat.org;Sint-Lambrechts-Herk;lectus sit;L3T 2M1;06.533.411/0006-33;362,32;1344;0036440-4;093/00004688114-2;Barclay;605-3436 Mus. Rd.;02/05/2015;504012;R$;49158.35834 26794.12195 62684.44559 4 44221152029283;237-2;46;14/03/2015;"Curae;";penatibus et magnis dis parturient montes, nascetur ridiculus mus. Proin vel nisl. Quisque fringilla euismod enim. Etiam
Sebastian;magna@interdumligulaeu.com;Wolverhampton;faucibus id,;27231;05.248.543/0006-45;891,39;6817;0080017-9;093/00005319997-9;Brennan;Ap #461-1727 Fusce Avenue;17/09/2014;2352642;R$;15478.63356 91859.26113 14759.18991 5 58721775232835;237-2;41;05/01/2014;erat vitae risus. Duis a mi fringilla mi lacinia mattis. Integer eu lacus. Quisque imperdiet, erat nonummy;turpis vitae purus gravida sagittis. Duis gravida. Praesent eu nulla at sem molestie sodales. Mauris blandit enim consequat purus. Maecenas libero est, congue a, aliquet vel, vulputate eu,
Ingrid;nunc.nulla.vulputate@lorem.edu;LaSalle;dui nec;07390-786;06.293.021/0004-97;822,34;8549;0040016-3;015/00003325640-6;Tatiana;673-1646 Ante. Street;30/11/2013;1396767;R$;47216.39277 11855.77552 82923.13594 9 93234090143365;237-2;91;06/02/2014;erat semper rutrum. Fusce dolor;Nullam suscipit, est ac facilisis facilisis, magna tellus faucibus leo, in lobortis tellus justo sit amet nulla. Donec non
Ima;sem@sed.net;Virginal-Samme;justo eu;83289;08.537.912/0007-00;814,1;6531;0059293-6;088/00007139408-2;Tarik;943-3987 Convallis St.;28/11/2013;6032331;R$;98826.36193 87929.64361 96715.77217 4 79831321012894;237-2;85;08/11/2015;a, dui.;vestibulum, neque sed dictum eleifend, nunc risus varius orci, in consequat enim diam vel arcu. Curabitur ut odio vel est tempor bibendum. Donec felis orci, adipiscing non,
Raymond;rutrum.justo@lacusQuisqueimperdiet.ca;Innsbruck;massa non;45054;04.387.082/0003-98;944,37;3914;0027310-6;041/00003047453-4;Jacqueline;5353 Enim Av.;14/12/2013;4565365;R$;71176.98411 97853.92413 39288.18413 8 14190758074753;237-2;93;16/12/2014;hendrerit a, arcu. Sed et libero. Proin mi. Aliquam gravida mauris ut;molestie in, tempus
Robin;pharetra@disparturientmontes.net;Valpelline;ut dolor;40314;01.932.053/0008-72;251,11;7775;0029773-7;021/00007199827-5;Justine;1837 Venenatis Rd.;21/04/2015;1403773;R$;26891.43215 98347.21941 63366.77819 6 47866655325784;237-2;18;09/02/2015;pede blandit congue. In scelerisque scelerisque dui. Suspendisse ac metus vitae velit egestas lacinia. Sed congue, elit sed consequat auctor, nunc nulla vulputate dui, nec tempus mauris erat eget;Sed diam lorem, auctor quis, tristique ac, eleifend vitae, erat. Vivamus nisi. Mauris nulla. Integer urna. Vivamus molestie dapibus ligula. Aliquam erat volutpat. Nulla dignissim. Maecenas
Sonya;massa@nonlorem.edu;Carlton;eu dui.;6453;05.397.855/0003-15;627,57;5727;0056366-0;018/00001361043-3;Basia;9928 Neque. St.;16/11/2013;4953029;R$;51458.71283 22243.74127 67271.89554 1 47218010567679;237-2;83;31/05/2015;nibh enim, gravida sit amet, dapibus id, blandit at, nisi. Cum sociis;in aliquet lobortis, nisi nibh lacinia orci, consectetuer
Jamalia;lobortis@blandit.co.uk;Calder;eu elit.;572356;06.492.675/0008-41;784,68;1576;0010114-5;049/00000501475-7;Bevis;Ap #365-9761 Faucibus St.;04/08/2014;3490503;R$;22368.16913 58579.11897 18434.87136 2 92510288196777;237-2;76;08/09/2014;massa rutrum magna. Cras convallis convallis dolor. Quisque tincidunt;Nulla tincidunt, neque vitae semper egestas, urna justo faucibus lectus, a sollicitudin orci sem eget massa. Suspendisse eleifend. Cras sed leo. Cras vehicula aliquet libero. Integer
Damian;quam@sollicitudinamalesuada.ca;Nuneaton;egestas nunc;21297;04.569.886/0009-63;786,39;1243;0085223-4;084/00002283390-2;Guy;Ap #829-6845 Diam Street;18/02/2015;9865106;R$;58631.59725 11769.92888 69956.76885 5 28194008946591;237-2;76;10/06/2015;nunc sed pede. Cum;ligula.
Veda;diam.Duis@sit.net;Springfield;Mauris molestie;10702;07.077.280/0009-69;163,57;9382;0048376-0;083/00008578881-2;Yolanda;Ap #975-4858 Sed Av.;11/07/2014;7260486;R$;42779.39116 18426.59463 84621.15974 5 12663588853988;237-2;48;29/04/2014;in, hendrerit consectetuer, cursus et, magna. Praesent interdum ligula;nec urna suscipit nonummy. Fusce fermentum fermentum arcu. Vestibulum ante ipsum primis
Nell;Nunc.sollicitudin@Sed.edu;Montjovet;arcu iaculis;18-887;05.376.887/0005-52;655,22;5765;0063307-6;096/00007644108-6;Troy;114-7544 Ligula Street;12/09/2015;5944874;R$;36258.65579 28994.57579 84653.74279 9 27152340191364;237-2;86;09/09/2015;Donec nibh. Quisque nonummy ipsum non arcu. Vivamus sit;sit amet ornare lectus justo eu arcu. Morbi sit amet massa. Quisque porttitor eros nec tellus. Nunc lectus pede, ultrices a, auctor non, feugiat nec, diam. Duis mi enim, condimentum eget, volutpat
Grace;vitae.mauris.sit@egestas.org;San Giovanni Suergiu;nibh. Quisque;98-483;04.870.194/0004-43;454,87;7512;0053974-5;053/00004259241-5;Marcia;911-9914 Magna. St.;20/07/2015;2836;R$;67187.84943 21317.61674 51568.52262 3 55675863945439;237-2;61;07/11/2015;Mauris molestie pharetra nibh. Aliquam ornare, libero at auctor ullamcorper, nisl arcu iaculis enim, sit amet ornare lectus justo eu;ut,
Eaton;scelerisque@estacmattis.com;Itzehoe;nibh enim,;2092;07.921.603/0006-17;474,42;5839;0053211-3;067/00003095863-2;Garrett;P.O. Box 568, 5320 Sagittis Av.;28/08/2015;6893259;R$;34457.93164 16354.61331 82363.54128 6 31338869401937;237-2;63;22/06/2014;tellus sem mollis dui, in sodales elit erat vitae risus.;sit amet
Caesar;ornare.egestas.ligula@lectuspede.net;Seloignes;Cras interdum.;50717;02.119.222/0001-48;316,75;4356;0098032-6;024/00003187735-9;Brenden;Ap #111-2413 Odio. Rd.;22/08/2015;6953701;R$;77928.13989 27824.29695 33469.85799 2 78475105709412;237-2;44;20/06/2015;ac urna. Ut;Integer sem elit,
Adrian;luctus@sit.co.uk;Notre-Dame-du-Nord;Phasellus vitae;35293;01.298.379/0001-28;421,12;7587;0082357-4;013/00003474422-2;Knox;7986 Quam Ave;19/01/2015;9721164;R$;46185.88838 56537.11758 31982.79471 8 71779970643867;237-2;17;29/12/2014;vitae;posuere cubilia
Scarlet;Morbi@aaliquetvel.co.uk;Châteauroux;In lorem.;5570;05.655.340/0002-73;512,81;2467;0064211-7;045/00000048194-8;Edward;1850 Consequat Rd.;31/08/2015;7512424;R$;85951.52462 89873.35373 18128.87241 9 72450464962999;237-2;39;19/01/2015;eu, ligula. Aenean euismod mauris;quam, elementum at, egestas a, scelerisque sed, sapien. Nunc pulvinar arcu et pede. Nunc sed orci lobortis augue
Neville;nisi.a@elementumpurusaccumsan.org;Oteppe;nec, malesuada;1275;05.064.001/0002-71;933,57;3617;0036578-0;089/00000514152-2;Kirestin;7389 Vitae, Street;02/08/2014;7818122;R$;34138.28591 89623.95691 86945.93115 7 76651129314195;237-2;46;14/08/2015;et nunc. Quisque ornare tortor at risus. Nunc ac sem ut dolor;Vestibulum accumsan neque et nunc. Quisque ornare tortor at
Ciaran;dui.Cum@eu.org;Pradamano;eu turpis.;53503;02.561.702/0001-23;562,07;2781;0065459-6;084/00009129592-2;Dai;548-1398 Neque Av.;17/06/2015;5321228;R$;96292.33955 69941.76156 25947.42962 5 12243059877143;237-2;58;03/02/2015;orci. Ut sagittis lobortis mauris.;Cras pellentesque. Sed dictum. Proin eget odio. Aliquam vulputate ullamcorper magna. Sed eu eros. Nam consequat dolor vitae dolor. Donec fringilla. Donec feugiat metus sit amet ante. Vivamus non lorem vitae
Olympia;elementum.at.egestas@eleifendnunc.org;Deschambault;In ornare;66-323;01.531.128/0008-35;796,88;2798;0055607-4;013/00007704137-9;Jamal;P.O. Box 324, 7062 Felis St.;20/01/2015;1782311;R$;17926.21235 72461.94845 27745.95821 8 81744350149231;237-2;79;22/12/2013;eget nisi dictum augue malesuada malesuada. Integer id magna et ipsum cursus vestibulum. Mauris magna.;malesuada malesuada. Integer id magna
Colin;libero.Morbi.accumsan@egestasDuis.com;Bo'ness;feugiat metus;70613;02.527.341/0001-32;258,26;5335;0055523-7;028/00005880771-4;Yardley;Ap #163-6720 Quam St.;18/06/2015;8785960;R$;93272.89633 69886.91624 25157.38755 9 89646149375448;237-2;61;26/03/2014;sagittis placerat. Cras dictum ultricies ligula. Nullam enim. Sed nulla ante, iaculis nec, eleifend non, dapibus rutrum, justo. Praesent luctus. Curabitur egestas nunc sed libero. Proin;massa. Integer vitae nibh.
Solomon;pede.blandit.congue@rhoncusProin.org;Dandenong;eget, dictum;62718;03.085.054/0006-26;589,44;4198;0094355-4;091/00007358618-3;Fritz;Ap #313-4308 Libero St.;09/05/2015;889041;R$;55985.58483 56316.75277 15454.75794 5 52846000924621;237-2;25;16/12/2014;nisl arcu iaculis enim, sit amet ornare;metus. Vivamus euismod urna. Nullam lobortis quam a felis ullamcorper viverra. Maecenas iaculis aliquet diam. Sed diam lorem, auctor quis, tristique ac,
Shafira;fermentum.fermentum.arcu@aliquam.co.uk;Cametá;Nullam lobortis;51347;04.846.245/0009-03;934,99;3184;0054643-5;083/00009998254-6;Kiara;7385 Urna Ave;06/03/2015;3720757;R$;51446.86484 81115.16897 65261.91567 2 54868643172161;237-2;65;08/06/2015;eget tincidunt dui augue eu tellus. Phasellus elit pede, malesuada vel, venenatis vel, faucibus id, libero. Donec consectetuer mauris id sapien.;auctor velit. Aliquam nisl. Nulla eu neque
Ocean;Donec@nequesed.net;B?blingen;ipsum leo;4585LT;03.996.947/0006-53;748,15;8829;0087676-0;028/00001411193-9;Carolyn;P.O. Box 387, 9880 Pretium Rd.;17/02/2015;2410106;R$;25973.87574 23985.25998 15927.75369 7 15922461629679;237-2;93;06/11/2014;eu, euismod ac, fermentum vel, mauris. Integer sem elit, pharetra ut, pharetra sed, hendrerit a, arcu. Sed et libero. Proin;lectus. Nullam suscipit, est ac facilisis facilisis, magna tellus faucibus leo, in lobortis tellus justo sit amet nulla. Donec non justo.
Cassandra;neque.sed@lectusquismassa.edu;Falkensee;urna. Nullam;IE6 5KR;02.544.611/0005-29;854,07;2364;0067919-6;027/00007405545-1;Herman;Ap #563-1847 A St.;02/12/2014;8537498;R$;24894.95229 86812.41971 51284.43124 3 24440347628998;237-2;87;08/06/2015;Pellentesque tincidunt tempus risus. Donec egestas. Duis ac arcu. Nunc mauris. Morbi non sapien molestie orci tincidunt adipiscing. Mauris molestie pharetra nibh. Aliquam ornare,;pellentesque. Sed dictum. Proin eget odio. Aliquam vulputate ullamcorper
Hunter;In.at.pede@acmi.net;Aurora;vitae, sodales;Y5A 6H5;03.029.659/0003-83;351,43;7241;0051711-2;069/00001481125-8;Cheyenne;838 Nullam St.;05/10/2014;8688128;R$;86247.34886 99199.27988 99447.31741 7 99280411756194;237-2;73;21/11/2014;nisl. Maecenas;Phasellus at augue id ante dictum cursus. Nunc mauris elit, dictum eu, eleifend nec, malesuada ut, sem. Nulla interdum. Curabitur dictum. Phasellus in felis. Nulla
Delilah;amet@pretiumaliquetmetus.com;Sirsa;augue scelerisque;3536;06.456.696/0001-29;194,73;6313;0070312-3;098/00006090968-9;Norman;P.O. Box 748, 8929 Lorem Street;28/12/2014;226363;R$;17245.88171 93373.71458 16451.55787 4 48382663503148;237-2;65;02/11/2014;dictum sapien.;egestas blandit. Nam nulla magna, malesuada vel, convallis in, cursus et, eros. Proin ultrices. Duis volutpat nunc sit amet metus. Aliquam erat volutpat. Nulla facilisis. Suspendisse commodo tincidunt nibh. Phasellus nulla. Integer
Reece;pede.Nunc.sed@anteNunc.ca;Kallo;ante dictum;99969;06.664.017/0001-32;171,4;2299;0043842-6;081/00004492449-1;Iris;Ap #845-4927 Orci Ave;27/05/2014;4203540;R$;19831.43128 43146.35581 36525.18969 3 58944821169242;237-2;85;26/07/2014;mauris ut mi. Duis risus odio, auctor vitae, aliquet nec, imperdiet nec, leo. Morbi;tellus lorem eu metus. In lorem. Donec elementum, lorem ut aliquam iaculis, lacus pede sagittis augue, eu tempor erat neque non quam. Pellentesque habitant morbi
Caryn;Suspendisse.aliquet.sem@ettristiquepellentesque.net;Itegem;Vivamus sit;80330;06.754.093/0005-61;678,28;1558;0090699-0;025/00002230872-4;Wang;6041 Ante Ave;23/01/2014;6791636;R$;81263.61279 15299.61747 77966.74692 7 81358414236554;237-2;27;26/03/2014;sem magna nec quam. Curabitur vel lectus.;nec luctus felis purus ac tellus. Suspendisse sed dolor. Fusce mi lorem, vehicula et, rutrum eu, ultrices sit amet, risus. Donec nibh enim, gravida sit amet, dapibus
Luke;convallis.ante@loremeu.com;Green Bay;porta elit,;71306;09.048.354/0001-48;479,91;8532;0050540-7;055/00009462778-5;Amena;6482 Molestie Ave;08/10/2014;1495249;R$;89779.26118 22961.88362 92659.35268 8 59874364566926;237-2;75;21/07/2014;arcu. Sed eu nibh vulputate mauris sagittis placerat. Cras dictum ultricies ligula. Nullam enim. Sed nulla;Suspendisse aliquet molestie tellus. Aenean egestas
Melvin;Curabitur.consequat@aliquam.edu;Midlands;ridiculus mus.;4365;08.371.647/0002-20;297,4;1443;0020107-5;041/00005892539-1;Tanya;Ap #299-6355 Iaculis, Rd.;17/05/2015;1597789;R$;11768.62327 82869.91428 45162.92144 6 13197288666571;237-2;18;01/01/2014;est, mollis non, cursus non, egestas a, dui. Cras pellentesque. Sed dictum. Proin;Integer aliquam adipiscing lacus. Ut nec urna et arcu imperdiet ullamcorper. Duis at lacus. Quisque purus sapien, gravida non, sollicitudin a, malesuada id,
Dara;magna.tellus@cursusinhendrerit.org;Ville-en-Hesbaye;neque. Nullam;9640UQ;09.951.164/0003-87;747,56;5169;0022554-5;066/00003651974-3;Quamar;909-3046 Dictum Rd.;13/06/2014;457587;R$;41563.75535 85994.95779 69799.94977 2 66423004663645;237-2;31;30/03/2015;non ante bibendum ullamcorper. Duis cursus, diam at pretium aliquet, metus urna convallis erat, eget;"primis in faucibus orci luctus et ultrices posuere cubilia Curae; Donec tincidunt. Donec"
Jaquelyn;quis.diam@maurisrhoncus.net;Rivello;tristique aliquet.;7534;03.657.000/0005-96;767,27;1334;0020938-7;017/00003596187-7;Griffith;Ap #185-9543 Ultricies Av.;24/11/2014;8158806;R$;16574.13444 34817.44815 46911.52142 8 61411651837511;237-2;67;10/05/2014;ligula. Donec luctus aliquet odio. Etiam ligula tortor, dictum eu, placerat eget, venenatis a, magna. Lorem ipsum dolor sit amet, consectetuer adipiscing elit. Etiam laoreet, libero et tristique pellentesque,;a, malesuada id, erat. Etiam vestibulum massa rutrum magna. Cras convallis convallis dolor. Quisque tincidunt pede ac urna. Ut tincidunt vehicula risus. Nulla eget metus eu erat semper rutrum. Fusce dolor
Velma;rhoncus@enim.net;Laino Castello;feugiat metus;60207;09.787.524/0008-93;134,46;3824;0025867-6;072/00001554438-5;Hakeem;P.O. Box 668, 429 Sed Rd.;15/10/2015;7218425;R$;13749.34311 31448.45925 65786.74696 9 94273661306342;237-2;45;02/11/2014;amet orci. Ut sagittis lobortis mauris. Suspendisse aliquet molestie;enim, condimentum eget, volutpat ornare, facilisis eget, ipsum. Donec sollicitudin adipiscing ligula. Aenean gravida
Laura;eget.odio@rutrumurnanec.com;Whithorn;sem ut;7921;03.784.730/0005-61;219,83;1178;0024185-3;022/00009770029-9;Raya;P.O. Box 975, 5031 In Street;19/10/2015;3164899;R$;69567.65879 74256.29358 58142.99479 5 98431240507263;237-2;59;09/08/2015;enim commodo hendrerit. Donec porttitor tellus non magna. Nam ligula elit, pretium et, rutrum non, hendrerit id, ante. Nunc mauris sapien, cursus in, hendrerit consectetuer, cursus et, magna.;a neque. Nullam ut nisi a odio
Erasmus;laoreet@etnuncQuisque.com;Hollange;eget, venenatis;60330;02.596.570/0007-29;164,63;2481;0097157-0;067/00002091979-2;Colorado;925-589 Donec Ave;22/01/2015;4449116;R$;91131.44113 75926.61831 63484.15733 8 32473368879584;237-2;41;24/08/2015;est. Mauris eu turpis. Nulla aliquet. Proin velit. Sed malesuada augue ut lacus. Nulla tincidunt, neque vitae semper egestas, urna;aliquet vel, vulputate eu, odio. Phasellus at augue id ante dictum cursus. Nunc mauris elit, dictum eu, eleifend nec, malesuada ut, sem. Nulla interdum. Curabitur dictum. Phasellus in felis. Nulla tempor augue
Aidan;odio.auctor.vitae@nibhdolor.net;Scandriglia;eu enim.;5708;09.488.724/0002-51;431,46;8583;0024478-4;013/00003887315-7;Lydia;490-2308 Metus Road;21/08/2014;3866573;R$;52763.64388 34281.12688 19623.69276 4 12219514764429;237-2;36;25/11/2013;Quisque purus sapien, gravida non, sollicitudin a, malesuada id, erat. Etiam vestibulum massa rutrum magna. Cras convallis convallis dolor. Quisque tincidunt pede ac urna. Ut tincidunt vehicula risus.;sem ut cursus luctus, ipsum leo elementum sem, vitae
Lavinia;feugiat.tellus.lorem@risus.ca;Burns Lake;aliquam arcu.;7340;06.387.072/0006-15;915,84;2697;0098153-6;027/00009590250-6;Wynter;Ap #511-9710 Consectetuer Av.;23/06/2014;9704250;R$;64635.35789 85787.83794 22569.12879 5 51243219104331;237-2;96;08/10/2015;Suspendisse dui. Fusce diam nunc, ullamcorper eu, euismod ac, fermentum vel, mauris. Integer sem elit, pharetra ut, pharetra sed, hendrerit a,;Sed
Vielka;ultrices.posuere.cubilia@etmagnis.com;Ely;turpis egestas.;0990KL;06.553.909/0002-29;146,42;4586;0029562-9;051/00007644017-8;Wyatt;P.O. Box 182, 3223 Sed Ave;08/01/2014;7496376;R$;56811.37513 63138.12599 67552.51748 2 69879186946538;237-2;52;11/08/2015;nibh. Aliquam ornare, libero at auctor ullamcorper, nisl arcu iaculis enim, sit amet ornare lectus justo eu arcu. Morbi sit amet massa. Quisque porttitor eros nec tellus.;ante. Vivamus non lorem vitae odio sagittis semper. Nam
Gabriel;lacus.Aliquam.rutrum@ipsum.org;Forlì;egestas. Fusce;90276;02.589.207/0007-70;844,77;1393;0028191-7;011/00009113242-9;Skyler;398-2399 Placerat Ave;11/01/2015;9637743;R$;78892.59919 78858.58521 14551.15217 9 22628343915339;237-2;83;22/01/2014;mauris blandit mattis. Cras eget nisi dictum augue malesuada malesuada. Integer id magna et ipsum cursus vestibulum. Mauris magna. Duis;massa. Integer vitae nibh. Donec est mauris, rhoncus id, mollis nec,
Elvis;lacus@Integer.edu;Salerno;Etiam ligula;617091;01.484.587/0001-86;393,28;5958;0074784-1;063/00005432486-2;Xander;P.O. Box 977, 2878 Adipiscing Road;01/04/2014;110950;R$;97393.94821 65987.89936 91193.79435 2 16919749768933;237-2;36;17/04/2015;nunc, ullamcorper eu, euismod ac, fermentum vel, mauris. Integer sem elit, pharetra ut, pharetra sed, hendrerit a, arcu.;felis orci,
Akeem;mi@leoinlobortis.com;Spaniard's Bay;tellus id;65139;08.038.174/0001-44;967,65;3886;0062197-5;069/00006048792-9;George;8972 Duis Rd.;27/09/2014;1816340;R$;95278.16775 13277.12186 85253.84218 9 16658464428432;237-2;82;17/09/2015;neque vitae;Quisque fringilla euismod enim. Etiam gravida molestie arcu. Sed eu nibh vulputate mauris sagittis placerat. Cras dictum ultricies ligula. Nullam enim. Sed nulla ante, iaculis nec,
Audrey;feugiat.placerat@auctorvelitAliquam.com;San Rafael;Donec at;8777;09.287.691/0001-88;351,97;6639;0028707-3;059/00000960104-8;India;7421 Felis Avenue;28/07/2014;3174034;R$;85434.53687 55332.78614 81517.19345 8 86836962631881;237-2;48;11/06/2015;ultrices sit amet, risus. Donec nibh enim, gravida sit amet, dapibus;Aliquam ornare, libero at auctor ullamcorper, nisl arcu iaculis enim, sit amet ornare lectus justo eu arcu. Morbi sit amet massa. Quisque porttitor eros nec tellus. Nunc lectus pede, ultrices a,
Dacey;egestas@augue.co.uk;Gloucester;varius et,;7754;02.564.198/0004-34;233,27;6668;0089151-0;051/00006996689-9;Sawyer;330-8957 Curabitur St.;18/11/2014;5333310;R$;52524.77473 57763.45143 59668.89917 5 73189578285693;237-2;86;12/01/2015;fringilla purus;nunc sit amet metus. Aliquam erat volutpat. Nulla facilisis. Suspendisse commodo tincidunt nibh. Phasellus
Raphael;rutrum@Aliquamerat.com;Buckley;vulputate, nisi;63125;05.511.938/0005-48;478,09;8218;0074630-7;019/00004083996-7;Quail;7836 Metus Ave;07/06/2015;7223697;R$;92227.92471 78826.47936 13111.99758 4 58462094911917;237-2;45;28/04/2015;purus ac;gravida mauris ut mi. Duis risus odio, auctor vitae, aliquet nec, imperdiet nec, leo. Morbi neque tellus, imperdiet non, vestibulum nec, euismod in, dolor. Fusce feugiat. Lorem ipsum dolor sit amet, consectetuer
Ahmed;sem@neque.co.uk;Leicester;Mauris nulla.;653357;07.406.113/0008-21;762,1;7119;0086252-3;048/00009646311-9;Ulla;P.O. Box 375, 1958 Ut St.;22/04/2014;2377932;R$;83997.11118 36241.65615 98224.33382 4 76221901786112;237-2;24;06/12/2014;tristique senectus et netus et malesuada;egestas. Aliquam nec enim. Nunc ut erat. Sed nunc est, mollis non, cursus
Jermaine;nec@ac.edu;Przemy?l;nibh. Aliquam;19162;01.932.354/0009-32;531,69;8196;0028756-4;011/00009866638-3;Micah;2945 Suspendisse Rd.;07/10/2014;6540541;R$;12625.57293 45727.84785 47265.94656 5 59628923175764;237-2;73;06/04/2014;Nullam scelerisque;adipiscing elit. Etiam laoreet, libero et tristique pellentesque, tellus sem mollis dui, in sodales elit erat vitae risus. Duis a mi fringilla mi lacinia mattis. Integer eu
Melanie;luctus.ipsum.leo@natoquepenatibus.com;Purulia;urna suscipit;76066;04.810.067/0008-92;571,45;7467;0064886-4;012/00001666321-2;Herrod;886-4420 Nec St.;23/06/2015;4987439;R$;76839.86561 58716.78186 57493.98558 2 28447773214355;237-2;53;07/01/2015;cursus luctus, ipsum leo elementum sem, vitae aliquam eros turpis;neque. Nullam nisl. Maecenas malesuada
Irene;Curabitur.consequat.lectus@tinciduntnunc.net;Covington;mauris. Integer;3322;07.919.470/0005-16;599,62;6814;0058585-7;074/00006795162-7;Burton;P.O. Box 272, 6843 Lacinia. Av.;21/06/2015;8146910;R$;94517.57225 41781.66498 99565.68772 9 93630385363191;237-2;25;04/10/2015;Aliquam ornare, libero at auctor ullamcorper, nisl arcu iaculis enim, sit amet ornare lectus justo eu arcu. Morbi sit amet massa. Quisque porttitor eros nec tellus.;mus. Proin vel arcu eu odio tristique pharetra. Quisque ac
Phillip;risus.a@feugiattellus.ca;Brampton;nec, mollis;Y3G 5G2;05.234.078/0002-19;519,48;5236;0029085-0;095/00002593144-8;Mark;3020 Malesuada Road;11/02/2014;7734640;R$;37995.18681 72685.68565 77936.88841 9 69461450143575;237-2;28;26/02/2014;in magna. Phasellus dolor elit, pellentesque a,;vel sapien imperdiet ornare. In faucibus. Morbi vehicula. Pellentesque tincidunt tempus risus. Donec egestas. Duis ac arcu. Nunc mauris. Morbi non sapien molestie orci tincidunt
Lamar;dolor@turpisnec.ca;Wallasey;venenatis lacus.;AF00 0AX;02.208.675/0004-88;826,8;9956;0055806-3;085/00004009009-6;Ashton;Ap #964-6024 Aliquam Road;17/04/2015;1959547;R$;51116.95949 71788.88327 59517.69182 8 49894621749665;237-2;97;15/10/2015;auctor ullamcorper, nisl arcu iaculis enim, sit amet ornare lectus justo eu arcu.;at arcu. Vestibulum ante ipsum primis in faucibus orci luctus et ultrices
Anika;orci.lacus@ligulaDonecluctus.edu;Koersel;vehicula et,;774801;07.657.166/0004-12;478,57;4663;0034418-2;079/00007613799-1;Graham;9010 Pede. Avenue;06/07/2014;3283066;R$;91735.32341 92347.71968 48844.68889 2 54947678969452;237-2;83;26/09/2014;ipsum. Curabitur consequat, lectus sit amet luctus vulputate, nisi sem semper erat, in consectetuer ipsum nunc id enim. Curabitur massa. Vestibulum accumsan neque et nunc. Quisque;tempor arcu. Vestibulum ut eros non enim commodo hendrerit. Donec
Jana;Cras.eget.nisi@aliquet.ca;Thim?on;tempor lorem,;64-764;08.693.773/0005-85;454,69;2179;0075349-7;067/00000790719-1;Tana;Ap #956-963 In St.;10/12/2014;448134;R$;76227.53426 61779.34566 49335.98158 1 84520732283147;237-2;15;26/04/2014;et magnis dis parturient montes, nascetur ridiculus;sollicitudin orci sem eget massa. Suspendisse eleifend. Cras sed leo. Cras vehicula aliquet libero. Integer in magna. Phasellus dolor elit, pellentesque a, facilisis non, bibendum sed, est. Nunc laoreet lectus quis
Patience;cursus@nonquamPellentesque.co.uk;Nothomb;facilisis lorem;36517-593;09.524.359/0004-17;584,33;7474;0077644-4;095/00005838425-8;Jena;P.O. Box 900, 1444 Adipiscing Rd.;04/08/2014;2577696;R$;91639.64545 31846.54149 31524.86125 3 66985847405484;237-2;11;29/03/2014;Nunc mauris elit, dictum eu, eleifend nec, malesuada ut, sem. Nulla interdum. Curabitur dictum. Phasellus in felis. Nulla;vel, vulputate eu, odio.
Stone;nibh@urna.edu;Alexandra;semper rutrum.;60613;09.348.164/0003-88;619,51;9425;0065778-1;013/00009559936-7;Renee;7104 Aliquet Road;08/11/2015;1690969;R$;38679.39833 91238.85319 95775.42214 8 82347779599618;237-2;59;16/01/2014;placerat, orci lacus vestibulum lorem, sit amet ultricies sem magna nec quam. Curabitur vel lectus.;Nunc mauris. Morbi non sapien molestie orci tincidunt adipiscing. Mauris molestie pharetra nibh. Aliquam ornare,
Phoebe;auctor@aliquetlobortisnisi.ca;Oostkerke;eu tellus.;3043;07.689.874/0005-56;296,79;4271;0076214-3;076/00007237521-4;Hammett;P.O. Box 861, 4649 Egestas. Rd.;28/07/2015;5164551;R$;87361.97664 99431.57225 99366.42981 5 37921454458181;237-2;19;06/12/2013;enim. Suspendisse aliquet, sem ut cursus luctus, ipsum leo elementum sem, vitae aliquam eros;amet ante. Vivamus non lorem vitae odio sagittis semper.
Arthur;diam@purusin.net;Austin;vehicula. Pellentesque;72153;05.226.941/0004-50;661,36;7448;0090730-5;075/00000140054-4;Marshall;Ap #930-8505 Eu Rd.;18/08/2014;7754300;R$;44966.28485 32179.64827 76181.16128 4 54643117258437;237-2;35;10/10/2014;vulputate, risus a ultricies adipiscing, enim mi tempor lorem, eget mollis lectus pede et risus. Quisque libero lacus, varius et, euismod et,;nec mauris blandit mattis. Cras eget nisi dictum augue malesuada malesuada.
Maisie;orci.adipiscing.non@adipiscingMaurismolestie.co.uk;Cochin;et magnis;60704;05.884.892/0006-03;695,43;7727;0011178-8;038/00007026879-2;MacKensie;P.O. Box 434, 6404 Arcu. Rd.;13/04/2014;335144;R$;24936.44216 22853.29528 79692.95328 5 88682228281611;237-2;97;22/01/2015;ultricies dignissim lacus. Aliquam rutrum lorem ac risus. Morbi metus.;mi enim, condimentum eget, volutpat ornare, facilisis eget,
Rae;Duis@risus.com;Whitehaven;Curabitur ut;1720;08.591.740/0005-97;148,92;7518;0054448-6;099/00003876761-3;Freya;161-7756 Ac Street;23/11/2014;7131840;R$;73748.46928 38545.45966 47995.49583 2 33158666486379;237-2;33;05/06/2014;ultricies ornare,;Cras vehicula aliquet libero. Integer in
Brielle;Suspendisse@eu.edu;Poggio Berni;tortor nibh;486165;02.599.645/0003-28;271,42;3692;0012904-3;047/00000550832-7;Burke;Ap #983-5021 Tortor Road;03/01/2014;7471586;R$;97895.18958 78751.22668 72314.22778 7 53146591313985;237-2;57;04/08/2014;nibh vulputate mauris sagittis placerat. Cras dictum ultricies ligula. Nullam enim. Sed nulla ante, iaculis nec, eleifend non, dapibus rutrum, justo. Praesent luctus. Curabitur;vitae aliquam eros turpis non enim. Mauris quis turpis vitae purus gravida sagittis. Duis gravida. Praesent eu nulla at sem molestie sodales.
Abel;sit@Vestibulumaccumsanneque.com;Teralfene;dictum sapien.;35180-397;02.997.237/0002-61;573,81;4164;0020856-1;028/00003985549-3;Tamara;P.O. Box 626, 4338 Facilisis Road;12/10/2014;9389636;R$;72724.47122 55199.14295 79862.86945 1 84280305434899;237-2;51;19/01/2014;risus. Duis a mi fringilla mi lacinia mattis. Integer eu lacus. Quisque imperdiet, erat;Duis risus odio,
Octavius;et.magnis.dis@Nunc.co.uk;Malahide;non, lacinia;66307;01.906.928/0006-91;826,19;2119;0015904-8;092/00001209366-5;Ori;P.O. Box 114, 4771 Quisque Street;26/01/2014;8019931;R$;12618.61148 18193.17794 23554.36345 4 29232249278121;237-2;91;23/02/2014;urna. Vivamus molestie dapibus ligula. Aliquam erat volutpat. Nulla dignissim. Maecenas ornare egestas ligula. Nullam feugiat placerat velit. Quisque varius. Nam porttitor scelerisque neque. Nullam;gravida mauris ut mi. Duis risus odio, auctor vitae, aliquet nec, imperdiet nec, leo. Morbi neque tellus, imperdiet non, vestibulum nec, euismod in, dolor. Fusce feugiat. Lorem ipsum dolor
Shaine;ac@montesnasceturridiculus.net;Orléans;arcu et;616;04.883.676/0005-53;276,87;3618;0087223-5;082/00002389659-8;Sawyer;P.O. Box 475, 2408 Et Rd.;11/03/2015;5664030;R$;46189.11244 72225.92667 95549.43689 4 53616087018975;237-2;17;06/12/2014;sit amet ante.;sit amet, consectetuer adipiscing elit. Etiam laoreet, libero
Omar;Donec.consectetuer@varius.co.uk;Saint-Honor?;mollis non,;6459;08.893.074/0006-72;569,97;1734;0090110-1;021/00005209822-1;Alec;8058 Lorem Rd.;29/12/2014;2440896;R$;36471.97415 29163.75317 24916.72556 8 39997877995297;237-2;37;29/11/2014;tincidunt tempus risus. Donec egestas. Duis ac arcu. Nunc mauris. Morbi non sapien molestie orci;tempus mauris
Whitney;scelerisque@dolorsitamet.ca;Stony Plain;Nam tempor;60832;01.354.299/0001-15;752,8;4715;0054435-7;098/00009427972-1;Arsenio;995 Suspendisse St.;18/02/2015;969004;R$;94275.11364 27283.61876 21415.28295 9 12241127788768;237-2;47;11/11/2015;id nunc interdum feugiat. Sed nec metus facilisis lorem tristique aliquet. Phasellus fermentum convallis ligula. Donec luctus aliquet;per conubia
Amethyst;libero.Morbi@semut.net;Werbomont;ullamcorper. Duis;392;06.897.848/0008-62;439,81;4697;0033173-4;044/00005833664-8;Aquila;Ap #545-9631 Sodales Rd.;20/02/2015;3036278;R$;63766.38639 11438.42947 59825.17971 3 26321747413247;237-2;87;09/02/2015;ipsum. Suspendisse non leo. Vivamus nibh dolor, nonummy ac, feugiat non, lobortis quis, pede. Suspendisse dui. Fusce diam nunc, ullamcorper eu, euismod ac,;erat neque non quam. Pellentesque habitant morbi tristique senectus et netus et malesuada fames ac turpis egestas. Aliquam fringilla cursus purus.
